Pergunta,Opção 1,Opção 2,Opção 3,Opção 4,Resposta Correta
"Em Go, qual palavra-chave é utilizada para iniciar a execução de uma função de forma assíncrona (Goroutine)?","spawn","go","async","routine","go"
"No ecossistema Go, qual interface da biblioteca padrão é utilizada para customizar a exibição de um tipo como string?","Stringer","ToString","Format","Display","Stringer"
"Em Go, qual é o comportamento padrão ao passar um 'slice' como argumento para uma função?","Cópia profunda","Passagem por referência total","Passagem do cabeçalho por valor (aponta para o mesmo array)","Cópia imutável","Passagem do cabeçalho por valor (aponta para o mesmo array)"
"Qual estrutura em Go permite definir um conjunto de assinaturas de métodos sem implementar seu comportamento?","Struct","Interface","Class","Abstract","Interface"
"Qual função da biblioteca padrão de Go é usada para criar e inicializar canais (channels) ou mapas?","new()","build()","alloc()","make()","make()"
"Em Go, qual a finalidade da instrução 'defer'?","Adiar a execução de uma função para o final do escopo atual","Parar a execução do programa","Executar uma função em segundo plano","Repetir uma função","Adiar a execução de uma função para o final do escopo atual"
"Qual o valor zero (zero value) de um ponteiro em Go?","0","void","nil","undefined","nil"
"Em Go, como você exporta uma função ou variável de um pacote?","Usando a palavra-chave public","Iniciando o nome com letra maiúscula","Usando export","Declarando no início do arquivo","Iniciando o nome com letra maiúscula"
"Qual é o tipo de dado básico em Go para representar números complexos?","float64","decimal","complex128","numeric","complex128"
"Em Go, canais podem ser 'unbuffered' ou 'buffered'. O que define um canal 'unbuffered'?","Ele não aceita dados","Ele bloqueia a escrita até que haja uma leitura correspondente","Ele armazena infinitos dados","Ele só aceita strings","Ele bloqueia a escrita até que haja uma leitura correspondente"
"Em Python, qual das seguintes estruturas de dados é estritamente imutável após sua criação?","List","Dictionary","Set","Tuple","Tuple"
"Qual método é utilizado em Python para interceptar a criação de uma nova instância de uma classe?","__init__","__new__","__call__","__start__","__new__"
"Em Python, qual estrutura de controle garante que um recurso (como um arquivo) seja fechado corretamente?","try/finally","block","with","using","with"
"O que o termo 'Duck Typing' significa em Python?","O tipo do objeto é verificado em tempo de compilação","O comportamento do objeto define seu tipo, não a herança","Apenas objetos da classe Duck funcionam","O código é convertido para C automaticamente","O comportamento do objeto define seu tipo, não a herança"
"Qual é a função do decorador '@property' em Python?","Transformar um método em um atributo de leitura","Tornar a classe privada","Aumentar a velocidade do loop","Criptografar o método","Transformar um método em um atributo de leitura"
"Em Python, qual a diferença entre 'append' e 'extend' em uma lista?","Não há diferença","append adiciona o elemento; extend concatena os elementos de um iterável","append é mais rápido","extend só funciona com strings","append adiciona o elemento; extend concatena os elementos de um iterável"
"No Linux, qual comando é utilizado para alterar a propriedade de um arquivo ou diretório (usuário e grupo)?","chmod","chown","access","setperm","chown"
"Qual comando do Linux permite visualizar o uso de disco de forma hierárquica por diretórios?","df","ls -la","du","free","du"
"No Linux, o que faz o comando 'ps aux'?","Apaga arquivos temporários","Exibe todos os processos rodando no sistema","Reinicia o servidor","Cria um novo usuário","Exibe todos os processos rodando no sistema"
"Qual o comando Linux para buscar um padrão de texto dentro de arquivos de forma recursiva?","find","search","grep -r","locate","grep -r"
"No Linux, qual arquivo armazena as informações de mapeamento de usuários e senhas (hashes)?","/etc/users","/etc/shadow","/var/log/auth","/root/passwords","/etc/shadow"
"O que o comando 'chmod 755' define em um arquivo?","Leitura para todos; escrita para o dono","Apenas leitura","Controle total para o dono; leitura e execução para outros","Oculta o arquivo","Controle total para o dono; leitura e execução para outros"
"No Docker, qual instrução no Dockerfile cria uma camada de cache mas NÃO define o comando principal de execução?","ENTRYPOINT","CMD","RUN","START","RUN"
"Qual o principal objetivo do 'Docker Compose' em um ambiente de desenvolvimento?","Criar imagens menores","Orquestrar múltiplos containers interconectados","Monitorar logs de produção","Substituir o Kubernetes","Orquestrar múltiplos containers interconectados"
"O que é o 'Docker Hub'?","Um editor de texto para Dockerfiles","Um registro público para hospedar e compartilhar imagens Docker","Uma ferramenta de rede para containers","Um sistema operacional para rodar Docker","Um registro público para hospedar e compartilhar imagens Docker"
"Qual comando Docker remove todos os containers parados, redes não utilizadas e imagens suspensas?","docker clear","docker system prune","docker remove all","docker clean","docker system prune"
"No Docker, qual a diferença entre 'CMD' e 'ENTRYPOINT'?","Não há diferença","CMD pode ser sobrescrito pelo comando da CLI; ENTRYPOINT é o executável fixo","ENTRYPOINT é mais lento","CMD só funciona em Linux","CMD pode ser sobrescrito pelo comando da CLI; ENTRYPOINT é o executável fixo"
"No modelo de mensageria Pub/Sub, qual o papel do 'Broker'?","Produzir mensagens","Consumir mensagens","Intermediar a distribuição entre produtores e interessados","Garantir criptografia","Intermediar a distribuição entre produtores e interessados"
"O que caracteriza uma operação 'Idempotente' em sistemas distribuídos?","Sempre gera um erro","Pode ser repetida várias vezes sem alterar o resultado final","Só pode ser executada uma única vez","Roda apenas em memória","Pode ser repetida várias vezes sem alterar o resultado final"
"O que é uma 'DLQ' (Dead Letter Queue) em sistemas de mensageria?","Fila de mensagens prioritárias","Fila para onde vão mensagens que não puderam ser processadas após várias tentativas","Fila de logs do sistema","Fila de mensagens apagadas pelo usuário","Fila para onde vão mensagens que não puderam ser processadas após várias tentativas"
"Em sistemas de filas, o que significa o conceito 'FIFO'?","Fast In Fast Out","First In First Out (Primeiro a entrar é o primeiro a sair)","File In File Out","First Input Following Others","First In First Out (Primeiro a entrar é o primeiro a sair)"
"Qual o benefício do 'Retry Exponencial' com Jitter?","Evitar que todos os clientes tentem o retry ao mesmo tempo (efeito manada)","Fazer o sistema falhar mais rápido","Economizar memória no servidor","Garantir que a mensagem nunca seja perdida","Evitar que todos os clientes tentem o retry ao mesmo tempo (efeito manada)"
"Qual método HTTP é considerado 'Seguro' (não deve alterar o estado do servidor)?","POST","PUT","GET","PATCH","GET"
"O que o status HTTP 409 (Conflict) geralmente indica em uma API REST?","Recurso não encontrado","Erro interno","Conflito de estado (ex: versão do recurso desatualizada)","Falta de autenticação","Conflito de estado (ex: versão do recurso desatualizada)"
"O que significa o termo 'Stateless' em arquiteturas REST?","O servidor guarda a sessão do usuário em memória","Cada requisição contém toda a informação necessária para ser processada","O servidor não tem banco de dados","A aplicação nunca para de rodar","Cada requisição contém toda a informação necessária para ser processada"
"Qual o propósito do cabeçalho 'ETag' em uma resposta HTTP?","Autenticar o usuário","Controlar o cache validando se o conteúdo mudou","Criptografar o corpo da mensagem","Definir o tempo de timeout","Controlar o cache validando se o conteúdo mudou"
"Qual status HTTP é retornado quando um recurso foi criado com sucesso?","200 OK","202 Accepted","201 Created","204 No Content","201 Created"
"O que caracteriza o padrão 'Circuit Breaker'?","Interromper chamadas a um serviço instável para evitar falhas em cascata","Aumentar a velocidade da rede","Criptografar a conexão","Fazer o balanceamento de carga","Interromper chamadas a um serviço instável para evitar falhas em cascata"
"No Teorema CAP, o que significa a propriedade de 'Disponibilidade' (Availability)?","Dados consistentes em todos os nós","O sistema responde a todas as requisições mesmo em falha parcial","O sistema tolera partições de rede","Dados salvos em disco","O sistema responde a todas as requisições mesmo em falha parcial"
"O que define o princípio de 'Responsabilidade Única' (S do SOLID)?","Uma classe deve ter apenas uma razão para mudar","Uma classe deve ter apenas um método","O sistema deve ter apenas um banco de dados","O código deve ser em um arquivo único","Uma classe deve ter apenas uma razão para mudar"
"No Git, qual comando é usado para aplicar commits de uma branch sobre outra, mantendo um histórico linear?","merge","rebase","cherry-pick","squash","rebase"
"Qual técnica de deploy consiste em manter duas versões do ambiente e alternar o tráfego de uma vez?","Canary Release","Rolling Update","Blue/Green Deployment","Feature Flag","Blue/Green Deployment"
"O que é 'Escalabilidade Horizontal'?","Aumentar CPU/RAM de uma máquina","Adicionar mais máquinas ao cluster para distribuir a carga","Melhorar o código do algoritmo","Trocar o banco de dados","Adicionar mais máquinas ao cluster para distribuir a carga"
"Qual a função de um 'Reverse Proxy' (ex: Nginx) na frente de uma aplicação?","Criptografar o banco de dados","Proteger e distribuir requisições para servidores internos","Gerar código frontend","Substituir o firewall","Proteger e distribuir requisições para servidores internos"
"O que significa 'Eventual Consistency' em bancos NoSQL?","O sistema nunca será consistente","Os dados serão consistentes após um período de tempo","A consistência é garantida apenas em escritas","O sistema apaga dados antigos","Os dados serão consistentes após um período de tempo"
"No contexto de segurança, o que é um JWT (JSON Web Token)?","Um banco de dados","Um formato de token para troca segura de informações compactas","Um protocolo de rede","Um sistema de logs","Um formato de token para troca segura de informações compactas"
"O que o padrão 'CQRS' sugere?","Unificar leitura e escrita","Separar as responsabilidades de leitura e escrita de dados","Usar apenas SQL","Eliminar APIs","Separar as responsabilidades de leitura e escrita de dados"
"O que é 'Dívida Técnica'?","Custo de licenças","Custo futuro de retrabalho por decisões rápidas no presente","Salário dos devs","Impostos de tecnologia","Custo futuro de retrabalho por decisões rápidas no presente"
"Qual a diferença entre Autenticação e Autorização?","Não há diferença","AuthN é quem você é; AuthZ é o que você pode fazer","AuthN é para APIs; AuthZ é para usuários","AuthN é via senha; AuthZ é biometria","AuthN é quem você é; AuthZ é o que você pode fazer"
"O que é 'Observabilidade' em sistemas modernos?","Ler logs de erro","Entender o estado interno via outputs (logs/metrics/traces)","Monitorar o tempo de trabalho","Ter uma UI bonita","Entender o estado interno via outputs (logs/metrics/traces)"
"O que define o 'Princípio Aberto/Fechado' (O do SOLID)?","Classes abertas para modificação e fechadas para extensão","Classes abertas para extensão mas fechadas para modificação","Código aberto para todos","Software sem bugs","Classes abertas para extensão mas fechadas para modificação"
"O que significa o termo 'Lazy Loading'?","Carregar dados o mais rápido possível","Atrasar a inicialização de um objeto até que ele seja necessário","Apagar dados que não são usados","Reduzir a velocidade do servidor","Atrasar a inicialização de um objeto até que ele seja necessário"
"O que é um 'Microserviço'?","Um código com poucas linhas","Um serviço pequeno, independente e focado em uma regra de negócio","Uma função dentro de um monolito","Um servidor com pouca memória","Um serviço pequeno, independente e focado em uma regra de negócio"
"O que é 'Dependency Injection' (Injeção de Dependência)?","Passar as dependências para um objeto em vez de ele criá-las internamente","Instalar bibliotecas via terminal","Injetar vírus no sistema","Conectar o banco de dados manualmente","Passar as dependências para um objeto em vez de ele criá-las internamente"
"Qual a finalidade de um 'API Gateway'?","Atuar como ponto de entrada único para gerenciar e rotear requisições para microserviços","Substituir o roteador da empresa","Fazer o deploy da aplicação","Armazenar imagens Docker","Atuar como ponto de entrada único para gerenciar e rotear requisições para microserviços"
"O que caracteriza o padrão 'Saga' em microserviços?","Uma transação única no banco","Gerenciar transações distribuídas e consistência entre múltiplos serviços","Um tipo de teste unitário","O uso de apenas um banco de dados","Gerenciar transações distribuídas e consistência entre múltiplos serviços"
"O que é 'Sharding' em bancos de dados?","Fazer backup dos dados","Particionar dados horizontalmente entre diferentes servidores","Criptografar as tabelas","Criar índices de busca","Particionar dados horizontalmente entre diferentes servidores"
"O que garante a 'Durabilidade' no ACID?","Os dados são replicados","Uma vez confirmada a transação, os dados persistem mesmo em falha de energia","O banco de dados é rápido","O acesso é restrito","Uma vez confirmada a transação, os dados persistem mesmo em falha de energia"
"O que é 'Normalização' de banco de dados?","Aumentar a redundância","Organizar os dados para reduzir a redundância e dependência inconsistente","Converter o banco para NoSQL","Apagar dados antigos","Organizar os dados para reduzir a redundância e dependência inconsistente"
"O que é um 'Deadlock' em computação?","Um erro de rede","Situação onde dois processos esperam um pelo outro, impedindo o progresso","O fim da execução do programa","Um vírus que apaga arquivos","Situação onde dois processos esperam um pelo outro, impedindo o promesso"
"O que define uma 'Race Condition'?","O programa corre mais rápido","O resultado depende da ordem imprevista de execução de eventos","Um erro de sintaxe","Uma competição de algoritmos","O resultado depende da ordem imprevista de execução de eventos"
"O que é um 'Mutex'?","Um tipo de variável string","Um objeto de exclusão mútua para sincronizar acesso a recursos","Um banco de dados em memória","Um protocolo de rede","Um objeto de exclusão mútua para sincronizar acesso a recursos"
"Qual a diferença entre Processo e Thread?","Não há diferença","Processos são isolados; Threads compartilham a memória do processo","Threads são mais lentas","Processos só existem em Windows","Processos são isolados; Threads compartilham a memória do processo"
"O que é 'Time Complexity' (Complexidade de Tempo)?","O tempo real em segundos que o código roda","A forma como o tempo de execução cresce conforme o tamanho da entrada aumenta","A data de criação do software","O horário de deploy","A forma como o tempo de execução cresce conforme o tamanho da entrada aumenta"
"O que é 'Blue/Green Deployment'?","Deploy em um servidor azul e outro verde","Estratégia com dois ambientes idênticos para reduzir downtime e risco","Trocar a cor da interface no deploy","Testar apenas em ambiente de homologação","Estratégia com dois ambientes idênticos para reduzir downtime e risco"
"O que é 'Canary Deployment'?","Lançar a versão para 100% dos usuários","Lançar a nova versão para um pequeno grupo antes do rollout total","Testar o sistema com robôs","Usar o navegador Chrome Canary para testes","Lançar a nova versão para um pequeno grupo antes do rollout total"
"O que significa 'CI/CD'?","Código Inteligente e Design Criativo","Continuous Integration e Continuous Deployment (Integração e Entrega Contínuas)","Computação Interna e Dados Compartilhados","Controle de Imagem e Código Direto","Continuous Integration e Continuous Deployment (Integração e Entrega Contínuas)"
"O que é um 'Unit Test' (Teste Unitário)?","Testar o sistema inteiro","Testar a menor parte testável de um software de forma isolada","Testar a conexão com o banco","Pedir para um usuário testar","Testar a menor parte testável de um software de forma isolada"
"O que é 'Mocking' em testes?","Zombar do código alheio","Substituir dependências reais por objetos simulados","Ignorar testes que falham","Escrever testes em papel","Substituir dependências reais por objetos simulados"
"O que é 'TDD' (Test Driven Development)?","Escrever o código e depois o teste","Escrever o teste antes do código funcional","Não escrever testes","Testar apenas em produção","Escrever o teste antes do código funcional"
"O que é 'Refactoring' (Refatoração)?","Mudar o comportamento do código","Melhorar a estrutura interna do código sem alterar seu comportamento externo","Reescrever o sistema em outra linguagem","Apagar o código e começar do zero","Melhorar a estrutura interna do código sem alterar seu comportamento externo"
"O que é 'KISS' em engenharia de software?","Keep It Simple, Stupid (Mantenha as coisas simples)","Keep It Safe and Secure","Knowledge Is Software Strength","Key Information Software System","Keep It Simple, Stupid (Mantenha as coisas simples)"
"O que é 'DRY'?","Don't Repeat Yourself (Não se repita)","Do Repeat Yearly","Data Record Yield","Dynamic Response Yield","Don't Repeat Yourself (Não se repita)"
"Qual a função de uma 'CDN' (Content Delivery Network)?","Gerar senhas seguras","Distribuir conteúdo estático geograficamente para reduzir latência","Criar bancos de dados","Compilar código Go","Distribuir conteúdo estático geograficamente para reduzir latência"
"O que é 'Load Balancing'?","Limpar a memória RAM","Distribuir o tráfego de rede entre vários servidores","Aumentar o preço do servidor","Balancear o peso dos cabos de rede","Distribuir o tráfego de rede entre vários servidores"
"O que é 'Serverless Computing'?","Computação sem servidores físicos envolvidos em nenhum lugar","Modelo onde o provedor gerencia a infraestrutura e o usuário foca no código","Rodar código apenas no navegador","Servidores que não precisam de energia","Modelo onde o provedor gerencia a infraestrutura e o usuário foca no código"
"O que é 'Infrastructure as Code' (IaC)?","Escrever manuais de instrução","Gerenciar e provisionar infraestrutura através de arquivos de definição","Digitar comandos no terminal manualmente","Instalar o Windows pelo código","Gerenciar e provisionar infraestrutura através de arquivos de definição"
"Qual a principal diferença entre SQL e NoSQL?","SQL é para web, NoSQL é para desktop","SQL usa esquema rígido e relações; NoSQL é geralmente flexível e baseado em documentos/chave-valor","NoSQL é sempre mais rápido","SQL não suporta transações","SQL usa esquema rígido e relações; NoSQL é geralmente flexível e baseado em documentos/chave-valor"
"O que é 'OAuth2'?","Um banco de dados de senhas","Um framework de autorização que permite aplicativos acessarem dados de usuários","Um sistema operacional","Um tipo de cabo de rede","Um framework de autorização que permite aplicativos acessarem dados de usuários"
"O que é 'TLS/SSL'?","Protocolos para garantir comunicação segura sobre uma rede de computadores","Formatos de imagem","Linguagens de programação","Tipos de processadores","Protocolos para garantir comunicação segura sobre uma rede de computadores"
"O que é 'Cross-Site Scripting' (XSS)?","Um estilo de CSS","Vulnerabilidade onde scripts maliciosos são injetados em sites confiáveis","Um framework JavaScript","Uma técnica de compressão de arquivos","Vulnerabilidade onde scripts maliciosos são injetados em sites confiáveis"
"O que é 'SQL Injection'?","Aumentar a performance do SQL","Injeção de código SQL malicioso em campos de entrada para manipular o banco","Instalar o MySQL no Windows","Uma função para somar valores no SQL","Injeção de código SQL malicioso em campos de entrada para manipular o banco"
"O que é 'Hashing' de senhas?","Criptografar para descriptografar depois","Transformar a senha em uma string irreversível de tamanho fixo","Esconder a senha em um arquivo texto","Mandar a senha por e-mail","Transformar a senha em uma string irreversível de tamanho fixo"
"O que é 'Rate Limiting'?","Aumentar o limite de crédito","Controlar o número de requisições que um usuário pode fazer em um tempo","Limitar o tamanho dos arquivos no disco","Reduzir a velocidade do download","Controlar o número de requisições que um usuário pode fazer em um tempo"
"O que significa 'Orquestração de Containers'?","Criar ícones para os containers","Automatizar o deploy, gerenciamento, escalonamento e rede de containers","Colocar música no Docker","Limpar containers antigos manualmente","Automatizar o deploy, gerenciamento, escalonamento e rede de containers"
"O que é o 'Kubernetes'?","Um editor de código","Uma plataforma de orquestração de containers de código aberto","Um banco de dados NoSQL","Um provedor de nuvem como AWS","Uma plataforma de orquestração de containers de código aberto"
"O que é um 'Pod' no Kubernetes?","A menor unidade de computação implantável","Um tipo de banco de dados","O nome do servidor físico","Um comando do Docker","A menor unidade de computação implantável"
"O que é 'Helm' no Kubernetes?","Um gerenciador de pacotes para Kubernetes","Um tipo de container","O painel de controle do K8s","Um protocolo de rede","Um gerenciador de pacotes para Kubernetes"
"O que é 'Service Mesh' (ex: Istio)?","Uma camada de infraestrutura para gerenciar comunicação entre microserviços","Um cabo de rede especial","Uma tela de monitoramento","Um novo tipo de banco de dados","Uma camada de infraestrutura para gerenciar comunicação entre microserviços"
"O que significa 'Cloud Native'?","Software que roda apenas em servidores locais","Abordagem para construir e rodar aplicações explorando as vantagens da nuvem","Software que não usa internet","Software escrito por empresas de nuvem","Abordagem para construir e rodar aplicações explorando as vantagens da nuvem"
"O que é 'Backend-for-Frontend' (BFF)?","Um backend que atende todos os clientes","Um serviço de backend específico para atender às necessidades de um frontend específico","Uma ferramenta de design","O mesmo que um banco de dados","Um serviço de backend específico para atender às necessidades de um frontend específico"
"O que é 'Domain-Driven Design' (DDD)?","Design focado apenas em banco de dados","Abordagem de software que foca no domínio complexo e sua lógica","Desenvolvimento focado em telas","Comprar domínios de internet","Abordagem de software que foca no domínio complexo e sua lógica"
"O que é um 'Bounded Context' no DDD?","Um erro de limite de memória","Uma fronteira conceitual onde um modelo de domínio específico é aplicado","O limite de usuários do sistema","Um tipo de teste de integração","Uma fronteira conceitual onde um modelo de domínio específico é aplicado"
"O que é 'Event Sourcing'?","Salvar apenas o estado atual do objeto","Armazenar todos os eventos que mudam o estado do sistema em vez de apenas o estado atual","Um tipo de log de erro","Um framework JavaScript","Armazenar todos os eventos que mudam o estado do sistema em vez de apenas o estado atual"
"O que é 'Feature Toggle' (ou Feature Flag)?","Uma técnica para ligar/desligar funcionalidades sem novo deploy","Um erro no código","Uma branch protegida no Git","Um tipo de botão no frontend","Uma técnica para ligar/desligar funcionalidades sem novo deploy"
"O que é 'Logging'?","O ato de logar no sistema com senha","O registro de eventos e informações durante a execução de um software","Aumentar a velocidade do sistema","Deletar arquivos antigos","O registro de eventos e informações durante a execução de um software"
"O que é 'Tratamento de Exceção'?","Ignorar erros no código","Mecanismo para lidar com condições anômalas ou erros durante a execução","Aumentar o tempo de resposta","Pedir para o usuário reiniciar","Mecanismo para lidar com condições anômalas ou erros durante a execução"
"O que define o 'Princípio de Substituição de Liskov' (L do SOLID)?","Substituir o banco de dados","Objetos de uma subclasse devem poder substituir objetos da superclasse sem quebrar o sistema","Trocar o programador do projeto","Mudar o nome das variáveis","Objetos de uma subclasse devem poder substituir objetos da superclasse sem quebrar o sistema"
"O que é 'Inversão de Controle' (IoC)?","Perder o controle do projeto","Padrão onde o controle de fluxo do programa é delegado a um framework ou container","Dar o controle para o usuário final","Deixar o sistema rodar sozinho","Padrão onde o controle de fluxo do programa é delegado a um framework ou container"
"O que é 'Sidecar Pattern' em microserviços?","Um container que roda junto ao container principal para fornecer funcionalidades extras","Um container que roda apenas aos finais de semana","Um erro de container","Um serviço que substitui o banco","Um container que roda junto ao container principal para fornecer funcionalidades extras"
"Em Go, para que serve o pacote 'context'?","Gerenciar o tempo de vida e cancelamento de requisições e goroutines","Configurar cores no terminal","Criar interfaces gráficas","Aumentar a velocidade do banco de dados","Gerenciar o tempo de vida e cancelamento de requisições e goroutines"
"Qual a finalidade da instrução 'select' em Go?","Escolher um banco de dados","Aguardar múltiplas operações de canais (channels) simultaneamente","Substituir o comando if/else","Selecionar campos em uma struct","Aguardar múltiplas operações de canais (channels) simultaneamente"
"O que o comando 'go mod tidy' faz em um projeto Go?","Formata o código-fonte","Remove dependências não utilizadas e adiciona as que faltam no go.mod","Apaga todos os arquivos do projeto","Executa os testes unitários","Remove dependências não utilizadas e adiciona as que faltam no go.mod"
"Qual o papel do 'Garbage Collector' (GC) em linguagens como Go e Java?","Aumentar o uso de memória","Liberar automaticamente a memória ocupada por objetos que não são mais usados","Criptografar arquivos em disco","Gerenciar as senhas do usuário","Liberar automaticamente a memória ocupada por objetos que não são mais usados"
"Em Go, o que acontece se você enviar um valor para um canal que já foi fechado (closed channel)?","O programa ignora o envio","Ocorre um 'panic' em tempo de execução","O valor é armazenado em cache","O canal reabre automaticamente","Ocorre um 'panic' em tempo de execução"
"O que é 'gRPC'?","Um banco de dados relacional","Um framework de RPC de alta performance que usa Protocol Buffers","Uma linguagem de marcação para frontend","Um substituto para o Docker","Um framework de RPC de alta performance que usa Protocol Buffers"
"Qual a principal vantagem do protocolo HTTP/2 sobre o HTTP/1.1?","Multiplexação de requisições na mesma conexão TCP","Não suporta criptografia","Usa apenas texto simples","É exclusivo para sites estáticos","Multiplexação de requisições na mesma conexão TCP"
"O que são 'Protocol Buffers' (Protobuf)?","Um formato de vídeo","Um mecanismo de serialização de dados estruturados, neutro em relação à linguagem","Um tipo de roteador","Uma linguagem de consulta SQL","Um mecanismo de serialização de dados estruturados, neutro em relação à linguagem"
"No contexto de APIs, o que é o 'GraphQL'?","Um banco de dados de grafos","Uma linguagem de consulta que permite ao cliente pedir exatamente os dados que precisa","Um framework para CSS","Uma ferramenta de deploy","Uma linguagem de consulta que permite ao cliente pedir exatamente os dados que precisa"
"O que caracteriza uma 'Vulnerabilidade de IDOR'?","Erro de sintaxe no código","Acesso a recursos de outros usuários ao manipular identificadores na URL","Queda do servidor por excesso de tráfego","Uso de senhas fracas","Acesso a recursos de outros usuários ao manipular identificadores na URL"
"O que é 'Cross-Origin Resource Sharing' (CORS)?","Um vírus de navegador","Um mecanismo de segurança que permite ou nega requisições de domínios diferentes","Uma forma de acelerar o JavaScript","Um tipo de banco de dados NoSQL","Um mecanismo de segurança que permite ou nega requisições de domínios diferentes"
"No OWASP Top 10, o que é 'Broken Access Control'?","Falha ao restringir o que usuários autenticados podem fazer ou acessar","Esquecer a senha do banco","Ter o servidor invadido por força bruta","Uso de bibliotecas desatualizadas","Falha ao restringir o que usuários autenticados podem fazer ou acessar"
"O que significa 'Salting' no armazenamento de senhas?","Criptografar a senha duas vezes","Adicionar dados aleatórios à senha antes do hashing para evitar ataques de Rainbow Table","Apagar a senha após o login","Diminuir o tamanho da senha","Adicionar dados aleatórios à senha antes do hashing para evitar ataques de Rainbow Table"
"O que é 'Infrastucture as Code' (IaC) e qual ferramenta é referência na área?","Manuais em PDF; Excel","Provisionamento via código; Terraform","Digitar comandos no console; SSH","Desenhar diagramas; Visio","Provisionamento via código; Terraform"
"O que é 'Terraform State'?","Um arquivo que mapeia a infraestrutura real para a sua configuração","O status da rede na nuvem","O país onde o servidor está hospedado","Um comando para reiniciar o servidor","Um arquivo que mapeia a infraestrutura real para a sua configuração"
"O que é 'Ansible' e para que é usado?","Um banco de dados; consultas rápidas","Uma ferramenta de automação para configuração e gerenciamento de servidores","Um navegador web; testes E2E","Um framework frontend; Single Page Apps","Uma ferramenta de automação para configuração e gerenciamento de servidores"
"O que define o padrão 'Singleton'?","Garantir que uma classe tenha apenas uma instância e fornecer um ponto global de acesso","Criar várias instâncias da mesma classe","Destruir objetos automaticamente","Esconder o código-fonte","Garantir que uma classe tenha apenas uma instância e fornecer um ponto global de acesso"
"O que é o padrão de projeto 'Observer'?","Um robô que vigia o servidor","Um padrão onde objetos são notificados automaticamente sobre mudanças de estado em outros objetos","Um tipo de log de sistema","Uma ferramenta de debug","Um padrão onde objetos são notificados automaticamente sobre mudanças de estado em outros objetos"
"Qual a finalidade do padrão 'Adapter'?","Aumentar a velocidade da rede","Permitir que interfaces incompatíveis trabalhem juntas","Trocar o banco de dados em tempo de execução","Criptografar mensagens","Permitir que interfaces incompatíveis trabalhem juntas"
"O que é 'Refactoring' segundo Martin Fowler?","Mudar o que o código faz para corrigir bugs","Melhorar o design do código sem alterar seu comportamento observável","Reescrever tudo em uma nova linguagem","Adicionar novas funcionalidades rapidamente","Melhorar o design do código sem alterar seu comportamento observável"
"O que é 'Big O Notation'?","O tamanho do arquivo binário","Uma notação para descrever a performance ou complexidade de um algoritmo","O número de linhas de código","A quantidade de memória física usada","Uma notação para descrever a performance ou complexidade de um algoritmo"
"O que é uma 'Hash Table' (Tabela Hash)?","Uma lista ordenada","Estrutura que mapeia chaves a valores para busca em tempo constante (médio)","Um tipo de fila FIFO","Um servidor de cache externo","Estrutura que mapeia chaves a valores para busca em tempo constante (médio)"
"O que é 'Binary Search' (Busca Binária)?","Procurar item por item em uma lista","Algoritmo que divide a lista ordenada ao meio repetidamente para encontrar um valor","Um vírus que apaga arquivos binários","Uma busca no Google","Algoritmo que divide a lista ordenada ao meio repetidamente para encontrar um valor"
"O que define a arquitetura de 'Event Mesh'?","Uma rede de bancos de dados","Uma arquitetura que permite rotear eventos entre diferentes aplicações e nuvens","Um conjunto de cabos de rede","Uma grade de containers Docker","Uma arquitetura que permite rotear eventos entre diferentes aplicações e nuvens"
"O que é 'Apache Kafka'?","Um banco de dados relacional","Uma plataforma de streaming de eventos distribuída","Um sistema de arquivos para Windows","Um servidor web para PHP","Uma plataforma de streaming de eventos distribuída"
"O que é um 'Consumer Group' no Kafka?","Um conjunto de usuários que pagam pelo serviço","Um grupo de consumidores que trabalham juntos para ler dados de um tópico","Um fórum de discussão técnica","Um comando para apagar dados","Um grupo de consumidores que trabalham juntos para ler dados de um tópico"
"O que é 'Websocket'?","Um protocolo para e-mails","Protocolo que fornece comunicação bidirecional e full-duplex sobre uma única conexão TCP","Um tipo de link no HTML","Uma ferramenta de design","Protocolo que fornece comunicação bidirecional e full-duplex sobre uma única conexão TCP"
"O que é 'Server-Sent Events' (SSE)?","Um comando para desligar o servidor","Tecnologia que permite ao servidor enviar atualizações automáticas para o cliente via HTTP","Um erro de rede comum","Uma forma de enviar SMS","Tecnologia que permite ao servidor enviar atualizações automáticas para o cliente via HTTP"
"O que significa 'Idempotency Key' em APIs de pagamento?","A chave secreta do banco","Um cabeçalho que permite repetir a requisição sem cobrar o usuário duas vezes por erro","O número do cartão de crédito","A senha do administrador","Um cabeçalho que permite repetir a requisição sem cobrar o usuário duas vezes por erro"
"O que é 'Chaos Engineering'?","Causar bugs de propósito na produção","Disciplina de experimentar em um sistema para construir confiança em sua capacidade de suportar turbulências","Não testar o código antes do deploy","Deixar os estagiários mexerem no banco de dados","Disciplina de experimentar em um sistema para construir confiança em sua capacidade de suportar turbulências"
"O que é 'Prometheus' no mundo DevOps?","Um servidor de e-mail","Um sistema de monitoramento e alerta de código aberto baseado em séries temporais","Um gerador de documentação","Uma linguagem de programação","Um sistema de monitoramento e alerta de código aberto baseado em séries temporais"
"O que é um 'Sidecar Container'?","Um container que roda em outra máquina","Um container que estende ou auxilia o container principal no mesmo Pod","Um container que serve apenas como backup","Um container que consome muita CPU","Um container que estende ou auxilia o container principal no mesmo Pod"
"O que é 'Tracing Distribuído' (ex: Jaeger)?","Acompanhar o caminho de uma requisição através de vários microserviços","Desenhar o mapa da rede","Contar quantas linhas de código foram escritas","Monitorar o teclado dos desenvolvedores","Acompanhar o caminho de uma requisição através de vários microserviços"
"No Linux, o que faz o comando 'tcpdump'?","Apaga o histórico de navegação","Analisa e captura o tráfego de rede que passa pela máquina","Aumenta a velocidade do Wi-Fi","Reinicia a placa de rede","Analisa e captura o tráfego de rede que passa pela máquina"
"O que é 'Swap Memory' no Linux?","Trocar de sistema operacional","Espaço no disco usado quando a memória RAM está cheia","Uma memória muito rápida integrada ao processador","Um tipo de pendrive","Espaço no disco usado quando a memória RAM está cheia"
"O que é o comando 'strace' no Linux?","Uma ferramenta para debugar chamadas de sistema (system calls) feitas por um processo","Um comando para listar arquivos","Um jogo de terminal","Um instalador de programas","Uma ferramenta para debugar chamadas de sistema (system calls) feitas por um processo"
"No Git, o que faz o 'git stash'?","Apaga permanentemente os commits","Guarda temporariamente mudanças não commitadas para limpar o diretório de trabalho","Envia o código para o servidor","Cria uma nova branch vazia","Guarda temporariamente mudanças não commitadas para limpar o diretório de trabalho"
"O que é o 'Gitflow'?","Um comando do Git","Um modelo de fluxo de trabalho para gerenciamento de branches","Uma ferramenta de interface gráfica para o Git","Um plugin do VS Code","Um modelo de fluxo de trabalho para gerenciamento de branches"
"O que é um 'Reverse Proxy' em comparação a um 'Forward Proxy'?","Não há diferença","O Reverse Proxy protege o servidor; o Forward Proxy protege o cliente","O Reverse Proxy é mais lento","O Forward Proxy é usado apenas em bancos de dados","O Reverse Proxy protege o servidor; o Forward Proxy protege o cliente"
"O que é 'Vertical Partitioning' em bancos de dados?","Dividir uma tabela em várias, contendo diferentes colunas","Dividir uma tabela em várias, contendo diferentes linhas","Apagar colunas antigas","Trocar o banco para NoSQL","Dividir uma tabela em várias, contendo diferentes colunas"
"O que é 'Database Indexing' e qual o seu custo?","Organizar o banco; custa dinheiro","Acelera leituras; mas desacelera escritas e ocupa espaço","Desacelera leituras; mas acelera escritas","Cria cópias do banco de dados; não tem custo","Acelera leituras; mas desacelera escritas e ocupa espaço"
"O que define um banco de dados 'Graph' (Grafos)?","Um banco que armazena apenas imagens","Focado no relacionamento entre os dados (nós e arestas)","Um banco que gera gráficos automaticamente","Um banco de dados sem tabelas nem chaves","Focado no relacionamento entre os dados (nós e arestas)"
"O que é 'ETL' (Extract, Transform, Load)?","Um tipo de servidor","Processo de integração de dados de várias fontes para um destino (Data Warehouse)","Uma linguagem de programação","Um protocolo de segurança","Processo de integração de dados de várias fontes para um destino (Data Warehouse)"
"O que é 'Data Lake'?","Um banco de dados SQL muito rápido","Um repositório centralizado para armazenar dados em qualquer escala e formato (estruturado ou não)","Uma rede social para cientistas de dados","Um backup físico em fitas","Um repositório centralizado para armazenar dados em qualquer escala e formato (estruturado ou não)"
"O que é 'Amazon S3'?","Um servidor de processamento","Um serviço de armazenamento de objetos altamente escalável","Um banco de dados NoSQL","Uma ferramenta de CI/CD","Um serviço de armazenamento de objetos altamente escalável"
"O que é 'Infrastructure as Service' (IaaS)?","O provedor fornece apenas o software","O provedor fornece recursos de computação virtualizados (servidores, redes, etc) pela internet","O usuário tem que montar o servidor físico","Um serviço de entrega de hardware em casa","O provedor fornece recursos de computação virtualizados (servidores, redes, etc) pela internet"
"O que é 'AWS Lambda'?","Um servidor que nunca desliga","Um serviço de computação serverless que executa código em resposta a eventos","Um banco de dados de alta performance","Uma ferramenta para desenhar arquiteturas","Um serviço de computação serverless que executa código em resposta a eventos"
"O que é 'Trunk-based Development'?","Criar muitas branches de longa duração","Estratégia onde desenvolvedores integram pequenas atualizações frequentemente em uma única branch principal","Não usar o Git","Fazer deploy apenas uma vez por ano","Estratégia onde desenvolvedores integram pequenas atualizações frequentemente em uma única branch principal"
"O que é 'Semantic Versioning' (SemVer)?","Dar nomes aleatórios para versões","Formato MAJOR.MINOR.PATCH para indicar o tipo de mudança no software","Versões baseadas na data de lançamento","Usar apenas números ímpares","Formato MAJOR.MINOR.PATCH para indicar o tipo de mudança no software"
"O que é um 'Code Smell'?","Um erro de compilação","Uma indicação na estrutura do código que pode sugerir um problema mais profundo","Um comentário mal escrito","Um código que não tem testes","Uma indicação na estrutura do código que pode sugerir um problema mais profundo"
"O que é 'Cyclomatic Complexity' (Complexidade Ciclomática)?","O número de arquivos do projeto","Métrica que mede o número de caminhos independentes através do código","A velocidade do processador","O número de desenvolvedores no time","Métrica que mede o número de caminhos independentes através do código"
"O que define o padrão 'Factory'?","Uma fábrica de hardware","Um padrão que define uma interface para criar um objeto, mas deixa as subclasses decidirem qual classe instanciar","Um tipo de servidor web","Uma ferramenta de deploy automatizado","Um padrão que define uma interface para criar um objeto, mas deixa as subclasses decidirem qual classe instanciar"
"O que é o padrão 'Strategy'?","Um plano de marketing","Permite definir uma família de algoritmos, encapsulá-los e torná-los intercambiáveis em tempo de execução","Um manual de conduta da empresa","Um tipo de teste de carga","Permite definir uma família de algoritmos, encapsulá-los e torná-los intercambiáveis em tempo de execução"
"O que é 'Domain Model' em DDD?","Um diagrama de banco de dados","Uma representação conceitual da lógica de negócio e seus processos","O design do frontend","O nome do site","Uma representação conceitual da lógica de negócio e seus processos"
"O que é 'Ubiquitous Language' no DDD?","Falar inglês em todos os projetos","Uma linguagem comum compartilhada entre desenvolvedores e especialistas de negócio","Uma linguagem de programação universal","Usar apenas termos técnicos no código","Uma linguagem comum compartilhada entre desenvolvedores e especialistas de negócio"
"O que caracteriza o padrão 'Outbox Pattern'?","Mandar e-mails para fora da empresa","Garantir a consistência entre o banco de dados e o envio de mensagens (eventos)","Um erro de conexão de saída","Deletar mensagens lidas","Garantir a consistência entre o banco de dados e o envio de mensagens (eventos)"
"O que é 'Anti-Corruption Layer' (ACL)?","Uma camada que traduz dados entre dois sistemas para evitar que um degrade o modelo do outro","Um sistema contra suborno","Um firewall avançado","Um tipo de criptografia","Uma camada que traduz dados entre dois sistemas para evitar que um degrade o modelo do outro"
"O que é 'Self-Healing' em Kubernetes?","O programador corrigindo o bug","A capacidade do sistema de reiniciar ou substituir containers que falham automaticamente","Um remédio para servidores","Um script que apaga logs","A capacidade do sistema de reiniciar ou substituir containers que falham automaticamente"
"O que é o 'Control Plane' do Kubernetes?","A tela de comando do programador","O conjunto de componentes que gerencia o estado do cluster","O roteador da rede física","A equipe de suporte técnico","O conjunto de componentes que gerencia o estado do cluster"
"O que é 'Horizontal Pod Autoscaler' (HPA)?","Aumentar o tamanho do servidor físico","Ajustar automaticamente o número de réplicas de um Pod com base na carga","Aumentar a velocidade da internet","Desligar o cluster à noite","Ajustar automaticamente o número de réplicas de um Pod com base na carga"
"O que define um 'StatefulSet' no Kubernetes?","Um conjunto de containers sem estado","Usado para aplicações que requerem identificadores estáveis e armazenamento persistente (ex: bancos de dados)","Um container que reinicia sempre","Um script de monitoramento","Usado para aplicações que requerem identificadores estáveis e armazenamento persistente (ex: bancos de dados)"
"O que é 'Blue/Green Deployment' comparado ao 'Canary'?","Não há diferença","Blue/Green alterna tudo de vez; Canary libera gradualmente para usuários","Canary é apenas para frontend","Blue/Green é mais lento","Blue/Green alterna tudo de vez; Canary libera gradualmente para usuários"
"O que é 'A/B Testing'?","Testar duas versões do software para ver qual performa melhor em objetivos de negócio","Testar as teclas A e B do teclado","Um tipo de teste unitário","Testar apenas no ambiente A","Testar duas versões do software para ver qual performa melhor em objetivos de negócio"
"O que é 'Load Testing' (Teste de Carga)?","Ver se o servidor aguenta o peso físico","Simular uma demanda esperada para medir a performance do sistema","Testar se a bateria do notebook dura","Verificar o tamanho do executável","Simular uma demanda esperada para medir a performance do sistema"
"O que é 'Stress Testing'?","Testar a paciência do desenvolvedor","Levar o sistema ao limite para ver onde e como ele falha","Testar o sistema sem internet","Verificar se o código tem muitos loops","Levar o sistema ao limite para ver onde e como ele falha"
"O que é 'Integration Testing'?","Testar cada linha de código separadamente","Verificar se diferentes módulos ou serviços funcionam corretamente juntos","Testar se o código compila","Testar o código no computador do cliente","Verificar se diferentes módulos ou serviços funcionam corretamente juntos"
"O que é 'Contract Testing'?","Testar o contrato de trabalho dos devs","Garantir que o provedor e o consumidor de uma API concordam com o formato das mensagens","Um teste jurídico","Verificar a validade de senhas","Garantir que o provedor e o consumidor de uma API concordam com o formato das mensagens"
"O que é 'Static Analysis' (Análise Estática)?","Executar o programa para ver se dá erro","Analisar o código-fonte sem executá-lo em busca de bugs ou falhas de segurança","Pedir para outra pessoa ler o código","Contar o número de caracteres do código","Analisar o código-fonte sem executá-lo em busca de bugs ou falhas de segurança"
"O que é 'Linting'?","Lavar o servidor","Processo de rodar uma ferramenta que sinaliza erros de estilo ou construções suspeitas no código","Apagar arquivos inúteis","Comprimir imagens","Processo de rodar uma ferramenta que sinaliza erros de estilo ou construções suspeitas no código"
"O que é 'Dead Code'?","Código que causa erro de compilação","Trecho de código que nunca é executado ou utilizado","Código de um programador que saiu da empresa","Um vírus de computador","Trecho de código que nunca é executado ou utilizado"
"O que é 'Technical Documentation' (ex: Swagger/OpenAPI)?","Um manual de como ligar o PC","Especificação para descrever, produzir, consumir e visualizar serviços RESTful","O contrato de licença do software","A lista de salários da equipe","Especificação para descrever, produzir, consumir e visualizar serviços RESTful"
"O que é 'Markdown'?","Uma linguagem de programação complexa","Linguagem simples de marcação para formatar texto puro","Um tipo de banco de dados","Uma ferramenta de design gráfico","Linguagem simples de marcação para formatar texto puro"
"O que é 'Technical Debt' (Dívida Técnica)?","Dever dinheiro para a nuvem","Consequência de escolher uma solução fácil agora em vez de uma melhor que leva mais tempo","Ter computadores velhos na empresa","Esquecer de pagar o domínio do site","Consequência de escolher uma solução fácil agora em vez de uma melhor que leva mais tempo"
"O que é 'Pair Programming'?","Dois programadores usando o mesmo computador para escrever código juntos","Ter dois computadores ligados","Programar usando as duas mãos","Ter dois empregos de programador","Dois programadores usando o mesmo computador para escrever código juntos"
"O que é 'Mob Programming'?","Programar dentro de um ônibus","Todo o time trabalhando no mesmo código, no mesmo computador, ao mesmo tempo","Programar escondido","Contratar robôs para programar","Todo o time trabalhando no mesmo código, no mesmo computador, ao mesmo tempo"
"O que é 'Agile Manifesto'?","Um manual de como programar rápido","Declaração de valores e princípios para o desenvolvimento ágil de software","Um livro sobre bancos de dados","Uma lei do governo","Declaração de valores e princípios para o desenvolvimento ágil de software"
"No Scrum, o que é a 'Daily Meeting'?","Uma reunião de 8 horas","Reunião curta diária para alinhar o progresso e identificar impedimentos","Uma festa da empresa","Reunião para decidir o salário","Reunião curta diária para alinhar o progresso e identificar impedimentos"
"O que é 'Sprint' no Scrum?","Uma corrida física entre desenvolvedores","Ciclo de tempo fixo onde um incremento de software é desenvolvido","O nome da empresa de telefonia","Uma ferramenta de deploy","Ciclo de tempo fixo onde um incremento de software é desenvolvido"
"O que faz o 'Product Owner' (PO)?","Programa as telas do sistema","Define as prioridades do produto e representa os interesses dos usuários","Gerencia os servidores","Faz o design das logos","Define as prioridades do produto e representa os interesses dos usuários"
"O que é 'Kanban'?","Um prato japonês","Sistema visual para gerenciar o fluxo de trabalho (To Do, Doing, Done)","Uma linguagem de programação","Um tipo de teclado","Sistema visual para gerenciar o fluxo de trabalho (To Do, Doing, Done)"
"O que é 'Story Points'?","Pontos que você ganha ao terminar o jogo","Unidade de medida para estimar o esforço necessário para implementar uma tarefa","O número de linhas de código escritas","Uma métrica de velocidade de internet","Unidade de medida para estimar o esforço necessário para implementar uma tarefa"
"O que é 'Bus Factor' em um time?","Número de ônibus que passam perto da empresa","O número de pessoas que, se saírem do projeto, ele para por falta de conhecimento","A velocidade do processador","O número de bugs por minuto","O número de pessoas que, se saírem do projeto, ele para por falta de conhecimento"
"O que é 'Vendor Lock-in'?","Ficar preso a um único fornecedor de tecnologia devido ao custo de migração","Trancar a porta do escritório","Usar apenas software livre","Comprar muitos computadores da mesma marca","Ficar preso a um único fornecedor de tecnologia devido ao custo de migração"
"O que é 'Edge Computing'?","Computação feita apenas em monitores","Processamento de dados perto da fonte geradora (dispositivos IoT, etc) para reduzir latência","Programar no limite do prazo","Usar o navegador Microsoft Edge","Processamento de dados perto da fonte geradora (dispositivos IoT, etc) para reduzir latência"
"O que é 'Serverless' realmente?","Não existem servidores","Servidores existem, mas a abstração e gerenciamento são feitos pelo provedor de nuvem","Servidores que funcionam sem internet","Computadores sem gabinete","Servidores existem, mas a abstração e gerenciamento são feitos pelo provedor de nuvem"
"O que é 'High Availability' (Alta Disponibilidade)?","Um sistema que nunca dá erro","Sistema projetado para operar continuamente sem interrupções por um longo período","Internet muito rápida","Ter muitos programadores no time","Sistema projetado para operar continuamente sem interrupções por um longo período"
"O que é 'Disaster Recovery'?","Recuperar o computador que caiu no chão","Plano para restaurar sistemas e dados após um evento catastrófico","Um botão de 'undo' no código","Contratar novos estagiários","Plano para restaurar sistemas e dados após um evento catastrófico"
"O que é 'RTO' (Recovery Time Objective)?","Tempo que o programador leva para acordar","O tempo máximo aceitável para restaurar um sistema após uma falha","O custo do servidor reserva","O número de arquivos perdidos","O tempo máximo aceitável para restaurar um sistema após uma falha"
"O que é 'RPO' (Recovery Point Objective)?","O ponto máximo de perda de dados aceitável medido em tempo","O preço do backup","A velocidade da restauração","O nome do software de backup","O ponto máximo de perda de dados aceitável medido em tempo"
"O que é 'IAM' (Identity and Access Management)?","Um tipo de memória RAM","Gerenciamento de quem pode acessar o quê em um sistema ou nuvem","Uma linguagem de inteligência artificial","Um comando do Linux","Gerenciamento de quem pode acessar o quê em um sistema ou nuvem"
"O que é 'Multi-Factor Authentication' (MFA)?","Usar várias senhas iguais","Exigir dois ou mais métodos de verificação para garantir a identidade","Ter vários usuários","Mudar a senha todo dia","Exigir dois ou mais métodos de verificação para garantir a identidade"
"O que é 'Principle of Least Privilege'?","Dar acesso total a todos os funcionários","Dar ao usuário apenas o acesso mínimo necessário para realizar sua função","Não dar acesso a ninguém","Escrever senhas em papéis","Dar ao usuário apenas o acesso mínimo necessário para realizar sua função"
"O que é 'Cold Storage' em Cloud?","Servidores guardados em geladeiras","Armazenamento para dados raramente acessados, com baixo custo e maior tempo de recuperação","Um computador desligado","Um backup que não funciona","Armazenamento para dados raramente acessados, com baixo custo e maior tempo de recuperação"
"O que é 'Scalability' vs 'Elasticity'?","Não há diferença","Escalabilidade é lidar com aumento de carga; Elasticidade é adaptar-se automaticamente à variação","Escalabilidade é para hardware; Elasticidade é para software","Escalabilidade é ser rápido; Elasticidade é ser seguro","Escalabilidade é lidar com aumento de carga; Elasticidade é adaptar-se automaticamente à variação"
"O que é 'Hot Reloading'?","O computador esquentando muito","Capacidade de atualizar o código em execução sem reiniciar a aplicação","Reiniciar o servidor manualmente","Trocar de linguagem sem fechar o editor","Capacidade de atualizar o código em execução sem reiniciar a aplicação"
"O que é 'Polyglot Persistence'?","Usar apenas um banco de dados para tudo","Usar diferentes tecnologias de banco de dados para diferentes necessidades de dados no mesmo sistema","Saber falar várias línguas","Mudar o banco de dados todo mês","Usar diferentes tecnologias de banco de dados para diferentes necessidades de dados no mesmo sistema"
"O que é 'Technical Spike'?","Um aumento súbito de tráfego","Uma tarefa de pesquisa curta para explorar uma solução técnica ou reduzir riscos","Um bug muito difícil de resolver","Uma nova versão do framework","Uma tarefa de pesquisa curta para explorar uma solução técnica ou reduzir riscos"
"O que é 'Feature Creep'?","Uma funcionalidade que rasteja","A adição excessiva de novas funcionalidades que torna o software complexo e confuso","Um bug que aparece aos poucos","Uma pessoa que vigia o código","A adição excessiva de novas funcionalidades que torna o software complexo e confuso"
"O que é 'Burn Down Chart'?","Um gráfico de incêndios no escritório","Gráfico que mostra o trabalho restante versus o tempo disponível em uma Sprint","Métrica de quantas CPUs queimaram","Um gráfico de vendas","Gráfico que mostra o trabalho restante versus o tempo disponível em uma Sprint"
"O que é 'Velocity' em times ágeis?","A velocidade de digitação dos devs","Quantidade de trabalho que um time consegue entregar em um intervalo (Sprint)","A velocidade da internet da empresa","O tempo que o deploy leva","Quantidade de trabalho que um time consegue entregar em um intervalo (Sprint)"
"O que é 'Legacy Code' (Código Legado)?","Código escrito em latim","Código herdado de versões anteriores ou de outras pessoas, muitas vezes sem testes","Código que é perfeito e nunca muda","Um código que vale muito dinheiro","Código herdado de versões anteriores ou de outras pessoas, muitas vezes sem testes"
"O que é 'In-Memory Database' (ex: Redis)?","Um banco que só funciona se tiver internet","Banco de dados que armazena dados na memória RAM para acesso ultra-rápido","Um banco de dados que não usa disco","Um banco que esquece tudo quando o usuário desloga","Banco de dados que armazena dados na memória RAM para acesso ultra-rápido"
"O que é 'Cache Invalidation'?","Apagar o cache toda hora","O processo de remover dados do cache quando os dados originais mudam","Um erro onde o cache não funciona","Um comando para aumentar o cache","O processo de remover dados do cache quando os dados originais mudam"
"O que é 'CDN Edge Server'?","O servidor principal da empresa","Servidores localizados nas bordas da rede, próximos aos usuários, para entregar conteúdo","Um roteador doméstico","O servidor onde o banco de dados fica","Servidores localizados nas bordas da rede, próximos aos usuários, para entregar conteúdo"
"O que é 'Throttling'?","Aumentar a velocidade do sistema","Limitar intencionalmente a velocidade ou taxa de requisições para evitar sobrecarga","Deletar usuários antigos","Um tipo de teste unitário","Limitar intencionalmente a velocidade ou taxa de requisições para evitar sobrecarga"
"O que é 'Pagination' em APIs?","Mudar a cor da página","Dividir um grande conjunto de resultados em blocos menores (páginas)","Adicionar imagens ao JSON","Imprimir a documentação em papel","Dividir um grande conjunto de resultados em blocos menores (páginas)"
"O que é 'HATEOAS' em REST?","Um erro de rede","Princípio onde a API fornece links para guiar o cliente sobre as próximas ações possíveis","Uma linguagem de consulta","Um substituto para o JSON","Princípio onde a API fornece links para guiar o cliente sobre as próximas ações possíveis"
"O que é 'Idempotent Consumer' em mensageria?","Um consumidor que compra muito","Um consumidor que garante que processar a mesma mensagem várias vezes tem o mesmo efeito de processar uma vez","Um consumidor que apaga as mensagens","Um consumidor que nunca falha","Um consumidor que garante que processar a mesma mensagem várias vezes tem o mesmo efeito de processar uma vez"
"O que é 'Dead Letter Exchange' (DLX)?","Uma central de correios","Recurso de brokers de mensagens para tratar mensagens que não puderam ser entregues","Uma forma de trocar senhas","Um erro de DNS","Recurso de brokers de mensagens para tratar mensagens que não puderam ser entregues"
"O que é 'Message Acknowledgment' (ACK)?","Um erro de mensagem","Sinal enviado pelo consumidor para o broker confirmando que a mensagem foi processada","O nome do criador do Kafka","Um tipo de criptografia","Sinal enviado pelo consumidor para o broker confirmando que a mensagem foi processada"
"O que é 'Poison Message'?","Uma mensagem que contém um vírus","Uma mensagem que causa falha sistemática no consumidor toda vez que é processada","Uma mensagem com conteúdo ofensivo","Uma mensagem muito grande","Uma mensagem que causa falha sistemática no consumidor toda vez que é processada"
"O que é 'Eventual Consistency' vs 'Strong Consistency'?","Não há diferença","Eventual garante consistência após um tempo; Strong garante imediatamente","Strong é para NoSQL; Eventual é para SQL","Eventual é mais lenta que Strong","Eventual garante consistência após um tempo; Strong garante imediatamente"
"O que é 'Write-Ahead Logging' (WAL)?","Escrever logs no final do dia","Técnica onde mudanças são gravadas em um log antes de serem aplicadas ao banco","Apagar logs antigos","Um tipo de monitoramento visual","Técnica onde mudanças são gravadas em um log antes de serem aplicadas ao banco"
"O que é 'Optimistic Locking'?","Trancar o banco de dados e torcer para dar certo","Técnica de controle de concorrência que assume que conflitos são raros e verifica na hora de salvar","Não usar travas no banco","Usar apenas senhas fortes","Técnica de controle de concorrência que assume que conflitos são raros e verifica na hora de salvar"
"O que é 'Database Migration'?","Mudar o servidor de lugar","Gerenciamento de versões do esquema do banco de dados através de scripts","Mudar do MySQL para o PostgreSQL manualmente","Apagar todas as tabelas e recriar","Gerenciamento de versões do esquema do banco de dados através de scripts"
"O que é 'Noisy Neighbor' em Cloud?","Um vizinho que faz barulho no escritório","Quando um usuário consome muitos recursos em um ambiente compartilhado, afetando outros","Um erro de som no servidor","Um vírus que toca música","Quando um usuário consome muitos recursos em um ambiente compartilhado, afetando outros"
"O que é 'Reserved Instance' em Cloud?","Um servidor que ninguém pode usar","Comprometimento de uso de longo prazo em troca de descontos significativos no preço","Um servidor para testes","Um computador guardado no estoque","Comprometimento de uso de longo prazo em troca de descontos significativos no preço"
"O que é 'Spot Instance'?","Instâncias para rodar apenas sites de esportes","Capacidade de computação excedente vendida com grande desconto, mas que pode ser interrompida","O servidor principal da AWS","Um tipo de banco de dados","Capacidade de computação excedente vendida com grande desconto, mas que pode ser interrompida"
"O que é 'VPC' (Virtual Private Cloud)?","Uma rede social privada","Uma seção isolada logicamente da nuvem onde você pode lançar seus recursos","Um computador virtual para jogos","Uma conexão de internet discada","Uma seção isolada logicamente da nuvem onde você pode lançar seus recursos"
"O que é 'Content Security Policy' (CSP)?","Uma lei de proteção de dados","Camada de segurança que ajuda a detectar e mitigar certos tipos de ataques, como XSS","A senha do administrador do site","Um filtro de fotos","Camada de segurança que ajuda a detectar e mitigar certos tipos de ataques, como XSS"
"O que é 'SSH' (Secure Shell)?","Um comando para desligar o PC","Protocolo para operação de serviços de rede de forma segura sobre uma rede insegura","Uma nova linguagem de programação","Um tipo de arquivo comprimido","Protocolo para operação de serviços de rede de forma segura sobre uma rede insegura"
"O que é 'Penetration Testing' (Pentest)?","Testar se o teclado funciona","Prática de testar um sistema para encontrar vulnerabilidades que um invasor poderia explorar","Testar a velocidade da digitação","Um teste de paciência","Prática de testar um sistema para encontrar vulnerabilidades que um invasor poderia explorar"
"O que é 'Zero Trust Architecture'?","Não confiar em nenhum desenvolvedor","Modelo de segurança que assume que a rede é sempre hostil e exige verificação constante","Não usar senhas","Um sistema que nunca falha","Modelo de segurança que assume que a rede é sempre hostil e exige verificação constante"
"O que é 'SRE' (Site Reliability Engineering)?","Engenharia de construção de sites","Disciplina que aplica aspectos de engenharia de software a problemas de infraestrutura e operações","Um tipo de banco de dados","O mesmo que suporte técnico nível 1","Disciplina que aplica aspectos de engenharia de software a problemas de infraestrutura e operações"
"O que é 'Error Budget' em SRE?","O dinheiro gasto com bugs","A quantidade máxima de erros ou downtime que um sistema pode tolerar sem violar o SLO","O salário da equipe de suporte","O preço de um servidor novo","A quantidade máxima de erros ou downtime que um sistema pode tolerar sem violar o SLO"
"O que é 'SLI' (Service Level Indicator)?","Um indicador de luz no servidor","Uma medida quantitativa específica do nível de serviço fornecido (ex: latência)","O nome do gerente de TI","Uma ferramenta de deploy","Uma medida quantitativa específica do nível de serviço fornecido (ex: latência)"
"O que é 'SLO' (Service Level Objective)?","Um objetivo de carreira","Um alvo ou faixa de valores para um nível de serviço medido por um SLI","O horário de saída do time","Uma meta de vendas","Um alvo ou faixa de valores para um nível de serviço medido por um SLI"
"O que é 'SLA' (Service Level Agreement)?","Um contrato legal entre um provedor e um cliente sobre o nível de serviço esperado","Um aperto de mão entre desenvolvedores","Uma nova linguagem de programação","Um comando do Kubernetes","Um contrato legal entre um provedor e um cliente sobre o nível de serviço esperado"
"O que é 'Post-mortem' em engenharia?","Uma autópsia real","Análise detalhada de um incidente para entender as causas e evitar que se repita","Apagar o código após o deploy","Demitir quem causou o erro","Análise detalhada de um incidente para entender as causas e evitar que se repita"
"O que é 'Toil' em SRE?","Trabalho manual, repetitivo e que não agrega valor de longo prazo","O nome de um framework Go","Trabalho criativo de arquitetura","O tempo gasto em reuniões","Trabalho manual, repetitivo e que não agrega valor de longo prazo"
"O que é 'Graceful Shutdown'?","Desligar o computador puxando da tomada","Permitir que a aplicação finalize as tarefas em andamento antes de encerrar o processo","Apagar o banco de dados antes de sair","Mandar um e-mail de despedida","Permitir que a aplicação finalize as tarefas em andamento antes de encerrar o processo"
"O que é 'Liveness Probe' no Kubernetes?","Verificar se o programador está acordado","Verificar se o container está rodando e reiniciá-lo caso não esteja","Um teste de velocidade de rede","Um sensor de temperatura do servidor","Verificar se o container está rodando e reiniciá-lo caso não esteja"
"O que é 'Readiness Probe' no Kubernetes?","Verificar se o container está pronto para aceitar tráfego","Verificar se o código está escrito corretamente","Um teste de sanidade mental","Verificar se o Docker está instalado","Verificar se o container está pronto para aceitar tráfego"
"O que é 'In-place Upgrade'?","Trocar o hardware sem desligar","Atualizar o software no mesmo servidor sem criar um novo","Mudar de lugar no escritório","Trocar de monitor enquanto programa","Atualizar o software no mesmo servidor sem criar um novo"
"O que é 'Rolling Update'?","Atualizar todos os servidores de uma vez e torcer","Atualizar instâncias de uma aplicação gradualmente para evitar downtime","Um tipo de backup circular","Mudar a versão do Windows","Atualizar instâncias de uma aplicação gradualmente para evitar downtime"
"O que é 'Container Registry'?","Um livro de registros de containers","Serviço de armazenamento e gerenciamento de imagens de container (ex: Docker Hub, ECR)","A lista de containers rodando na máquina","Uma ferramenta de monitoramento","Serviço de armazenamento e gerenciamento de imagens de container (ex: Docker Hub, ECR)"
"O que é 'Immutable Infrastructure'?","Infraestrutura que nunca é atualizada","Componentes que são substituídos em vez de alterados após o deploy","Servidores feitos de metal pesado","Um banco de dados que não aceita deletes","Componentes que são substituídos em vez de alterados após o deploy"
"O que é 'Monorepo' vs 'Polyrepo'?","Monorepo é um repositório para todos os projetos; Polyrepo é um repositório por projeto","Monorepo é para uma pessoa; Polyrepo é para muitas","Monorepo é mais lento; Polyrepo é mais rápido","Não há diferença","Monorepo é um repositório para todos os projetos; Polyrepo é um repositório por projeto"
"O que é 'GitOps'?","Usar o Git apenas para documentação","Prática de usar o Git como a única fonte de verdade para a infraestrutura e configurações","Comandar o Git por voz","Um novo tipo de branch","Prática de usar o Git como a única fonte de verdade para a infraestrutura e configurações"
"O que é 'Semantic Search'?","Buscar palavras idênticas","Busca que tenta entender a intenção e o contexto do pesquisador","Busca que só funciona com tags","Busca em arquivos binários","Busca que tenta entender a intenção e o contexto do pesquisador"
"O que é 'Machine Learning' em termos simples?","Máquinas que aprendem sozinhas sem código","Algoritmos que melhoram a performance em tarefas conforme são expostos a mais dados","Um robô que escreve código Go","Um tipo de compilador inteligente","Algoritmos que melhoram a performance em tarefas conforme são expostos a mais dados"
"O que é 'Web Scraping'?","Limpar o monitor do computador","Técnica de extração de dados de sites de forma automatizada","Um tipo de ataque hacker","Desenvolver sites muito rápido","Técnica de extração de dados de sites de forma automatizada"
"O que é 'Big Data'?","Um computador muito grande","Conjuntos de dados tão grandes ou complexos que exigem tecnologias especializadas de processamento","Ter muitos arquivos Excel","Uma pasta com 1 Terabyte","Conjuntos de dados tão grandes ou complexos que exigem tecnologias especializadas de processamento"
"O que é 'Data Warehouse'?","Um galpão de servidores","Sistema usado para reportar e analisar dados de diversas fontes","Um banco de dados NoSQL","Um tipo de backup físico","Sistema usado para reportar e analisar dados de diversas fontes"
"O que é 'Data Mining'?","Mineração de criptomoedas","Processo de descobrir padrões em grandes conjuntos de dados","Procurar arquivos perdidos no HD","Apagar dados duplicados","Processo de descobrir padrões em grandes conjuntos de dados"